provider,dimension,observation,scope,unknown,source,checked
"MoonPay","Integration model","Widget API documentation covers buy/sell quotes and transaction lookups.","Widget API overview; not a review of every MoonPay product.","Not verified: eligibility for a specific partner, corridor or payment method.","https://dev.moonpay.com/api-reference/widget/overview","2026-10-07"
"MoonPay","KYC hand-offs","Not verified: the complete KYC collection and reliance arrangement for the selected widget configuration.","Reviewed Widget API overview; insufficient evidence for a complete KYC responsibility map.","Request the collection, decision, retention and escalation responsibilities in writing.","https://dev.moonpay.com/api-reference/widget/overview","2026-10-07"
"MoonPay","Configuration discovery","The overview lists country, currency and payment-method discovery endpoints.","Endpoint discovery; not a live supported-country audit.","Not verified: the exact asset/network/method combination for the intended customer.","https://dev.moonpay.com/api-reference/widget/overview","2026-10-07"
"MoonPay","Order tracking","Widget webhooks document signed delivery, possible duplicates and out-of-order events.","Widget webhook lifecycle only.","Not verified: contracted support response and event retention.","https://dev.moonpay.com/api-reference/widget/webhooks/overview","2026-10-07"
"MoonPay","Wallet / network controls","The buy-transaction response documents wallet address and currency network metadata.","Response fields, not a tested destination-address validation control.","Not verified: wallet ownership checks and wrong-network recovery.","https://dev.moonpay.com/api-reference/widget/getbuytransaction","2026-10-07"
"MoonPay","Reconciliation","The buy response documents status, amounts, fees and a crypto transaction identifier.","API schema example; not an accounting export or completed transaction test.","Not verified: statement exports, settlement cut-offs and dispute adjustments.","https://dev.moonpay.com/api-reference/widget/getbuytransaction","2026-10-07"
"Transak","Integration model","Whitelabel API limitations distinguish bank-transfer flows from semi-widget card/Apple Pay flows.","The API page lists OffRamp as unsupported in its limitations table.","Not verified: which features are enabled for a particular partner.","https://docs.transak.com/integration/api","2026-10-07"
"Transak","KYC hand-offs","The API page distinguishes Lite KYC from a hosted Standard KYC document/liveness step.","Whitelabel journey; not a universal native onboarding claim.","Not verified: reliance acceptance, data retention and escalation for the buyer.","https://docs.transak.com/integration/api","2026-10-07"
"Transak","Configuration discovery","Public lookups and quotes support configuration discovery.","API documentation, not a live corridor coverage test.","Not verified: availability for the customer's exact geography and method.","https://docs.transak.com/integration/api","2026-10-07"
"Transak","Order tracking","Documentation provides order and KYC webhooks; production registration follows KYB approval.","Partner webhook integration.","Not verified: recovery guarantees, event retention and contracted support.","https://docs.transak.com/features/webhooks","2026-10-07"
"Transak","Wallet / network controls","Create Order documents a destination wallet and additional custodial-wallet information.","Whitelabel Create Order flow; not an ownership-check test.","Not verified: incorrect network/address handling and recovery.","https://docs.transak.com/integration/api","2026-10-07"
"Transak","Reconciliation","The API journey includes order-ID polling for final status.","Status polling, not evidence of a complete accounting feed.","Not verified: settlement exports and refund/fee-adjustment reconciliation.","https://docs.transak.com/integration/api","2026-10-07"
"Banxa","Integration model","Native integration uses API/SDK components; access requires an agreement.","Documentation labelled Beta (v0); Native is not self-serve access.","Not verified: partner access, version commitments and enabled payment methods.","https://docs.banxa.com/products/native-api/docs/how-it-works/integration-overview","2026-10-07"
"Banxa","KYC hand-offs","Identity/KYC documentation separates identity verification from transaction eligibility.","Native identity and eligibility flow.","Not verified: the buyer's approved KYC model and ongoing responsibilities.","https://docs.banxa.com/products/native-api/docs/how-it-works/identity-kyc","2026-10-07"
"Banxa","Configuration discovery","Configuration endpoints list methods, fiat, countries and cryptocurrencies.","Native configuration endpoints; not a production coverage test.","Not verified: exact customer, direction, amount and asset/network availability.","https://docs.banxa.com/products/native-api/openapi/configuration","2026-10-07"
"Banxa","Order tracking","Native webhooks describe ramp-status and identity-KYC notifications.","Signed webhook documentation, not a tested delivery guarantee.","Not verified: contracted replay, retention and escalation arrangements.","https://docs.banxa.com/products/native-api/docs/transaction-lifecycle/webhooks","2026-10-07"
"Banxa","Wallet / network controls","Configuration documentation supplies cryptocurrency choices for transaction setup.","Configuration scope only; destination-wallet controls were not established.","Not verified: wallet ownership, network enforcement and wrong-address recovery.","https://docs.banxa.com/products/native-api/openapi/configuration","2026-10-07"
"Banxa","Reconciliation","Ramp webhooks include amounts and fees; transaction hash is conditional on FULFILLED.","Webhook payload scope; not proof of bank settlement or ledger completeness.","Not verified: settlement statements, corrections and refund matching.","https://docs.banxa.com/products/native-api/docs/transaction-lifecycle/webhooks","2026-10-07"
